dataset,phi,method,seed,e_train,e_exit4,theta,cascade_acc,cascade_energy,single_exit,single_acc,single_energy,exit1,exit4,crossover
pamap2,1.0,fedavg,14,552.2766668016001,0.0009504768000000001,0.3,0.5358910891089109,0.00036061292483168325,2,0.5210396039603961,0.0006736486399999999,0.3502475247524752,0.023514851485148515,1531494.3774113928
pamap2,1.0,ecofed,4,476.0728170698,0.0009504768000000001,0.3,0.34367903103709313,0.00023104415620489528,0,0.3547817310118597,0.00021131264,0.9346454706030785,0.0058036840777189,2060527.4112521056
uci_har,1.0,oort,0,393.27514139279975,0.0008445696000000001,0.3,0.8859857482185273,0.0001882987629453682,1,0.8856464200882254,0.00029152256,0.5575161180861894,0.0,2088569.9684968302
uci_har,0.25,fedavg_single,3,115.17117810240012,0.0008445696000000001,0.3,0.8221920597217509,0.0008445696000000001,3,0.8221920597217509,0.0008445696000000001,0.0,1.0,136366.71045512427
uci_har,0.25,oort,4,115.20021800040013,0.0008445696000000001,0.3591428571428571,0.834407872412623,0.00022263996503562946,3,0.838479809976247,0.0008445696000000001,0.4054971157108924,0.003053953172718018,517428.2972150325
uci_har,0.25,fedavg_single,6,113.10065545200001,0.0008445696000000001,0.3,0.9015948422124194,0.0008445696000000001,3,0.9015948422124194,0.0008445696000000001,0.0,1.0,133915.13908622807
uci_har,0.25,oort,6,113.10065545200003,0.0008445696000000001,0.5562857142857143,0.8140481845945029,0.00033563782992874114,3,0.8215134034611469,0.0008445696000000001,0.0,0.02341364099083814,336972.31172067905
pamap2,0.25,oort,6,132.99123806159992,0.0009504768000000001,0.3,0.42747524752475247,0.0003152812508514852,1,0.4900990099009901,0.00039667712,0.5334158415841584,0.011386138613861386,421817.78238454816
uci_har,0.25,ecofed,12,73.9131961325,0.0008445696000000001,0.6548571428571428,0.8588394977943672,0.00014283030498812356,3,0.8825924669155073,0.0008445696000000001,0.9009161859518154,0.023752969121140142,517489.59115256346
uci_har,0.25,ecofed,7,73.8934941246,0.0008445696000000001,0.3,0.8466236851034951,0.00010637312000000006,2,0.8523922633186292,0.0005681715200000001,1.0,0.0,694663.2206012192
uci_har,0.25,ecofed,13,72.89148940190005,0.0008445696000000001,0.3,0.9012555140821175,0.00010637312000000006,3,0.8856464200882254,0.0008445696000000001,1.0,0.0,685243.5032637946
pamap2,1.0,energy_greedy,7,474.9497840784001,0.0009504768000000001,0.3,0.5290120230005227,0.00041126697886042867,1,0.5156821745948772,0.00039667712,0.23758494511238892,0.054364871928907474,1154845.4130560854
pamap2,0.25,fedavg,3,140.407854324,0.0009504768000000001,0.3,0.42132775744903295,0.000463713844725562,1,0.41766858337689494,0.00039667712,0.09330893883951907,0.02587558808154731,302789.8690562
pamap2,1.0,ecofed,13,484.49483608959997,0.0009504768000000001,0.7337142857142857,0.5755832534356025,0.00047225528411633114,3,0.5496963886225631,0.0009504768000000001,0.432086928731224,0.21412591882390541,1025917.2366830603
uci_har,0.25,oort,12,111.62728917840003,0.0008445696000000001,0.576,0.8177807940278249,0.00033009766156769603,3,0.8242280285035629,0.0008445696000000001,0.08924329826942654,0.024092297251442144,338164.43487742683
uci_har,0.25,static_depth,6,103.59885126929998,0.0008445696000000001,0.714,0.8971835765184933,0.0001419567794774347,1,0.8812351543942993,0.00029152256,0.8985408890397014,0.02002035968781812,729791.5016856799
uci_har,1.0,fedavg,15,378.96949604640025,0.0008445696000000001,0.3,0.8221920597217509,0.0001852202686935867,3,0.8724126230064473,0.0008445696000000001,0.5741431964709874,0.0,2046047.6529884343
uci_har,0.25,ecofed,5,71.16448164200001,0.0008445696000000001,0.3,0.833050559891415,0.00010637312000000006,0,0.833050559891415,0.00010637312000000001,1.0,0.0,669008.1257558299
uci_har,1.0,static_depth,15,267.12578275860005,0.0008445696000000001,0.3,0.8781812012215813,0.00010637312000000006,1,0.8859857482185273,0.00029152256,1.0,0.0,2511215.0772544784
uci_har,1.0,static_depth,13,275.24904593519983,0.0008445696000000001,1.01,0.8710553104852392,0.0008445696000000001,3,0.8710553104852392,0.0008445696000000001,0.0,1.0,325904.5150751339
uci_har,0.25,static_depth,3,113.55983903340004,0.0008445696000000001,0.3,0.841533763148965,0.00010637312000000006,0,0.841533763148965,0.00010637312000000001,1.0,0.0,1067561.419965871
uci_har,0.25,static_depth,9,112.64336311440003,0.0008445696000000001,0.3,0.8598574821852731,0.00010637312000000006,0,0.8598574821852731,0.00010637312000000001,1.0,0.0,1058945.7478957088
uci_har,1.0,ecofed,2,171.5177707432999,0.0008445696000000001,0.6548571428571428,0.8432304038004751,0.00013052130204275537,3,0.8880217170003394,0.0008445696000000001,0.9222938581608415,0.008143875127248049,1314097.913972044
pamap2,0.25,fedavg_single,5,139.11877866479998,0.0009504768000000001,0.3,0.41962288271013104,0.0009504768000000002,3,0.41962288271013104,0.0009504768000000001,0.0,1.0,146367.35864021085
uci_har,1.0,oort,2,384.86800895999994,0.0008445696000000001,0.3,0.828978622327791,0.00017969154432304042,3,0.8540889039701391,0.0008445696000000001,0.6040040719375637,0.0,2141825.9295946816
pamap2,1.0,energy_greedy,9,531.8664486743997,0.0009504768000000001,1.01,0.614892937040588,0.0009504768000000002,0,0.37615851709811443,0.00021131264,0.0,1.0,559578.5701180709
uci_har,0.25,oort,2,116.28526882560004,0.0008445696000000001,0.3,0.8096369189005769,0.0001991677324465558,3,0.831693247370207,0.0008445696000000001,0.498812351543943,0.0,583855.9660099748
pamap2,0.25,oort,11,135.77130140159997,0.0009504768000000001,0.3,0.29613173026659695,0.00027342210475692633,0,0.29508625196027183,0.00021131264,0.667276529012023,0.0,496563.00291558856
uci_har,1.0,fedavg,8,377.86635028559994,0.0008445696000000001,0.3,0.824906684764167,0.00018898985349168645,3,0.8673227010519172,0.0008445696000000001,0.5537835086528673,0.0,1999400.1969117462
uci_har,0.25,fedavg,9,120.59192979359996,0.0008445696000000001,0.37885714285714284,0.8517136070580251,0.00023462339192399051,2,0.8703766542246352,0.0005681715200000001,0.3210044112656939,0.0,513980.8473686519
uci_har,1.0,static_depth,1,263.9497313186,0.0008445696000000001,0.5957142857142856,0.8411944350186631,0.0001286041843230404,2,0.8669833729216152,0.0005681715200000001,0.9321343739395996,0.01323379708177808,2052419.4660384113
uci_har,1.0,static_depth,10,269.9466274137999,0.0008445696000000001,0.3,0.8676620291822192,0.00010637312000000006,0,0.8676620291822192,0.00010637312000000001,1.0,0.0,2537733.474526269
uci_har,1.0,fedavg,10,371.88555806640005,0.0008445696000000001,0.635142857142857,0.8764845605700713,0.0002870095779572447,3,0.8795385137427892,0.0008445696000000001,0.25755005089921956,0.040380047505938245,1295725.2531892827
pamap2,1.0,fedavg_single,9,565.0046810496,0.0009504768000000001,0.3,0.6005113454777884,0.0009504768000000002,3,0.6005113454777884,0.0009504768000000001,0.0,1.0,594443.4215012927
uci_har,1.0,fedavg_single,7,381.5364861624003,0.0008445696000000001,0.3,0.8825924669155073,0.0008445696000000001,3,0.8825924669155073,0.0008445696000000001,0.0,1.0,451752.56860109605
pamap2,1.0,fedavg_single,4,554.1005435424003,0.0009504768000000001,0.3,0.3363613424173606,0.0009504768000000003,3,0.3363613424173606,0.0009504768000000001,0.0,1.0,582971.1398977861
uci_har,1.0,fedavg_single,3,378.1440694967994,0.0008445696000000001,0.3,0.8805564981336953,0.0008445696000000001,3,0.8805564981336953,0.0008445696000000001,0.0,1.0,447735.8283992217
pamap2,0.25,ecofed,14,149.56762244900003,0.0009504768000000001,1.01,0.4819306930693069,0.0009504768000000002,1,0.5284653465346535,0.00039667712,0.0,1.0,157360.6241088683
uci_har,1.0,fedavg_single,1,379.5222863267997,0.0008445696000000001,0.3,0.8982015609093994,0.0008445696000000001,3,0.8982015609093994,0.0008445696000000001,0.0,1.0,449367.685418466
pamap2,1.0,ecofed,12,466.25954785439995,0.0009504768000000001,0.3,0.42240726722180166,0.00022631881092101945,0,0.42165026495079483,0.00021131264,0.9303557910673732,0.0005046681806712087,2060189.1020765165
uci_har,1.0,fedavg_single,11,372.5201625300003,0.0008445696000000001,0.3,0.8781812012215813,0.0008445696000000001,3,0.8781812012215813,0.0008445696000000001,0.0,1.0,441076.92548962246
pamap2,0.25,fedavg,14,135.003974664,0.0009504768000000001,1.01,0.3646039603960396,0.0009504768000000002,1,0.4853960396039604,0.00039667712,0.0,1.0,142038.15881039912
pamap2,1.0,energy_greedy,6,514.2530091840001,0.0009504768000000001,1.01,0.5638613861386138,0.0009504768000000002,2,0.5752475247524752,0.0006736486399999999,0.0,1.0,541047.4081892372
pamap2,0.25,oort,8,136.52584581600001,0.0009504768000000001,0.3,0.34367903103709313,0.0003671937957305073,1,0.29295987887963665,0.00039667712,0.2785768357305072,0.0,371808.6944916677
uci_har,0.25,static_depth,15,108.2462253203001,0.0008445696000000001,0.9702857142857142,0.8696979979640312,0.0002593235245605701,3,0.8703766542246352,0.0008445696000000001,0.6579572446555819,0.1157108924329827,417417.6851241163
uci_har,0.25,fedavg_single,4,115.20021800039996,0.0008445696000000001,0.3,0.8673227010519172,0.0008445696000000001,3,0.8673227010519172,0.0008445696000000001,0.0,1.0,136401.09471191
uci_har,0.25,fedavg_single,9,120.59192979359996,0.0008445696000000001,0.3,0.8876823888700374,0.0008445696000000001,3,0.8876823888700374,0.0008445696000000001,0.0,1.0,142785.07039988172
pamap2,1.0,fedavg,6,547.4450241288002,0.0009504768000000001,0.43799999999999994,0.5163366336633664,0.00048805549370297037,3,0.5336633663366337,0.0009504768000000001,0.08688118811881188,0.10321782178217821,1121686.0197090092
uci_har,1.0,fedavg_single,15,378.96949604640025,0.0008445696000000001,0.3,0.8944689514760774,0.0008445696000000001,3,0.8944689514760774,0.0008445696000000001,0.0,1.0,448713.1623567794
pamap2,1.0,oort,12,572.6259598943997,0.0009504768000000001,0.5365714285714285,0.42720161493817815,0.0005215219028816553,1,0.3999495331819329,0.00039667712,0.18445622003532677,0.22154933131466062,1097990.2411200185
pamap2,0.25,fedavg_single,11,135.77130140160003,0.0009504768000000001,0.3,0.176424464192368,0.0009504768000000002,3,0.176424464192368,0.0009504768000000001,0.0,1.0,142845.46598254686
uci_har,0.25,energy_greedy,8,115.20050384640001,0.0008445696000000001,0.576,0.8564642008822532,0.00035628568323040386,3,0.8656260604004072,0.0008445696000000001,0.0,0.04173736002714625,323337.4487627161
uci_har,0.25,energy_greedy,12,111.62728917840002,0.0008445696000000001,0.5562857142857143,0.8194774346793349,0.00033815379306413303,3,0.8242280285035629,0.0008445696000000001,0.06956226671191042,0.023752969121140142,330108.04985182936
uci_har,1.0,ecofed,11,177.3641954852,0.0008445696000000001,0.8914285714285715,0.8880217170003394,0.00024577916655581954,3,0.8853070919579233,0.0008445696000000001,0.7007125890736342,0.0987444859178826,721640.4790148004
pamap2,1.0,fedavg_single,13,564.4984909271996,0.0009504768000000001,0.3,0.40172579098753597,0.0009504768000000002,3,0.40172579098753597,0.0009504768000000001,0.0,1.0,593910.8570847805
pamap2,1.0,static_depth,0,442.07470141839957,0.0009504768000000001,0.3,0.5859197577592733,0.00024344579100681304,0,0.5387332828665152,0.00021131264,0.8899823366136765,0.011355034065102196,1815906.118524874
uci_har,0.25,static_depth,4,104.12934501859999,0.0008445696000000001,0.8125714285714285,0.8798778418730913,0.00015310732465558194,3,0.839497794367153,0.0008445696000000001,0.8798778418730913,0.030539531727180182,680106.8809270953
uci_har,1.0,energy_greedy,8,352.46159852880044,0.0008445696000000001,0.635142857142857,0.8642687478791992,0.00028655487087885987,3,0.8812351543942993,0.0008445696000000001,0.23922633186291142,0.03427214116050221,1229996.8848821362
pamap2,1.0,static_depth,11,433.2841310287998,0.0009504768000000001,0.3,0.6084683742812337,0.0002136603941871406,0,0.6082070047046524,0.00021131264,0.9900679560899112,0.00026136957658128593,2027910.379353206
uci_har,1.0,fedavg,12,380.9058352656002,0.0008445696000000001,0.3,0.8710553104852392,0.00019765989852731593,2,0.8690193417034272,0.0005681715200000001,0.506956226671191,0.0,1927076.9544231063
pamap2,1.0,static_depth,2,485.39081278079993,0.0009504768000000001,0.3,0.6707920792079208,0.00021894517607920795,0,0.6747524752475248,0.00021131264,0.968069306930693,0.0014851485148514852,2216951.3915447025
pamap2,1.0,fedavg,2,549.8986983143998,0.0009504768000000001,0.37885714285714284,0.5747524752475247,0.0004307180584554456,2,0.5824257425742574,0.0006736486399999999,0.10074257425742575,0.03861386138613861,1276702.2127800628
pamap2,1.0,energy_greedy,5,512.5269737256,0.0009504768000000001,0.714,0.738255033557047,0.0005842138086800896,3,0.7344199424736337,0.0009504768000000001,0.0,0.22371364653243847,877293.4944546224
pamap2,0.25,fedavg,7,142.18200943200003,0.0009504768000000001,1.01,0.24986931521170935,0.0009504768000000002,0,0.30345007841087296,0.00021131264,0.0,1.0,149590.19455498547
pamap2,1.0,energy_greedy,14,472.0364842680004,0.0009504768000000001,0.3,0.5014851485148515,0.0003852403985742575,1,0.4762376237623762,0.00039667712,0.2913366336633663,0.051237623762376235,1225303.696120573
pamap2,1.0,fedavg_single,12,559.7189328912002,0.0009504768000000001,0.3,0.5425182942215493,0.0009504768000000003,3,0.5425182942215493,0.0009504768000000001,0.0,1.0,588882.26718548
pamap2,0.25,static_depth,12,172.6445504391999,0.0009504768000000001,0.4971428571428571,0.29144587433762303,0.00027182589803684075,1,0.3383800151400454,0.00039667712,0.8168054504163512,0.017158718142821095,635129.1458468805
pamap2,0.25,energy_greedy,10,132.06782414160003,0.0009504768000000001,0.3,0.2670792079207921,0.00032035005592079215,2,0.27772277227722775,0.0006736486399999999,0.41435643564356434,0.0,412260.9679651635
uci_har,0.25,energy_greedy,6,113.10065545199998,0.0008445696000000001,0.4971428571428571,0.8557855446216491,0.00031752348883610457,2,0.8601968103155752,0.0005681715200000001,0.0,0.009501187648456057,356196.1852541212
uci_har,0.25,energy_greedy,7,116.765286108,0.0008445696000000001,0.5168571428571428,0.8218527315914489,0.00033919115857482187,3,0.823549372242959,0.0008445696000000001,0.09127926705123855,0.0675262979300984,344246.2551164725
pamap2,0.25,ecofed,5,152.7141571374001,0.0009504768000000001,1.01,0.6382230744646852,0.0009504768000000002,1,0.668903803131991,0.00039667712,0.0,1.0,160671.1043735103
uci_har,0.25,static_depth,8,109.1298847398,0.0008445696000000001,0.3,0.836104513064133,0.00010637312000000006,0,0.836104513064133,0.00010637312000000001,1.0,0.0,1025915.9902407671
pamap2,1.0,fedavg_single,10,548.6418858072002,0.0009504768000000001,0.3,0.6262376237623762,0.0009504768000000002,3,0.6262376237623762,0.0009504768000000001,0.0,1.0,577228.0668052078
uci_har,0.25,ecofed,11,72.82678330169998,0.0008445696000000001,0.3,0.8140481845945029,0.00010637312000000006,0,0.8140481845945029,0.00010637312000000001,1.0,0.0,684635.2095501189
pamap2,1.0,fedavg,12,559.7189328912002,0.0009504768000000001,0.31971428571428573,0.47009841029523086,0.0004079752119909161,1,0.46984607620489527,0.00039667712,0.1271763815291446,0.018925056775170326,1371943.4819575823
uci_har,1.0,ecofed,4,174.32642242999995,0.0008445696000000001,0.995,0.8710553104852392,0.0004456724188123516,3,0.8601968103155752,0.0008445696000000001,0.3138785205293519,0.32066508313539194,391153.71531079494
uci_har,0.25,energy_greedy,14,120.30016476000003,0.0008445696000000001,0.3,0.8585001696640652,0.00023312504399049884,1,0.8286392941974889,0.00029152256,0.3159144893111639,0.0,516032.7809521097
uci_har,1.0,static_depth,0,269.307987274,0.0008445696000000001,0.3,0.8883610451306413,0.00010637312000000006,3,0.9032914828639295,0.0008445696000000001,1.0,0.0,2531729.7008304344
uci_har,0.25,oort,7,116.76528610800005,0.0008445696000000001,0.43799999999999994,0.8622327790973872,0.0002669193668408551,3,0.8707159823549372,0.0008445696000000001,0.1845945028842891,0.0033932813030200203,437455.2790604319
uci_har,1.0,oort,13,368.2375373651999,0.0008445696000000001,0.4774285714285714,0.8428910756701731,0.00023012038232779095,1,0.846284356973193,0.00029152256,0.36002714625042415,0.0013573125212080082,1600195.22669083
uci_har,0.25,fedavg,8,115.20050384639993,0.0008445696000000001,0.5168571428571428,0.8557855446216491,0.0003222263608551069,3,0.8690193417034272,0.0008445696000000001,0.027824906684764165,0.01832371903630811,357514.2131161679
pamap2,0.25,fedavg_single,10,132.06782414159994,0.0009504768000000001,0.3,0.345049504950495,0.0009504768000000002,3,0.345049504950495,0.0009504768000000001,0.0,1.0,138949.02447024474
uci_har,0.25,ecofed,6,70.81852482999999,0.0008445696000000001,0.3,0.8880217170003394,0.00010637312000000006,0,0.8880217170003394,0.00010637312000000001,1.0,0.0,665755.8303263076
uci_har,1.0,ecofed,6,178.74005260590002,0.0008445696000000001,0.635142857142857,0.8612147947064812,0.00012738946736342045,3,0.8863250763488293,0.0008445696000000001,0.9260264675941635,0.008143875127248049,1403099.1439503008
pamap2,1.0,oort,2,566.1779327879997,0.0009504768000000001,0.3394285714285714,0.6183168316831683,0.00032657989956435645,3,0.6358910891089109,0.0009504768000000001,0.5183168316831683,0.020297029702970298,1733658.2366007727
pamap2,0.25,fedavg,0,131.64275950560005,0.0009504768000000001,0.3591428571428571,0.184960888215998,0.00038555635597274803,1,0.19025990411304566,0.00039667712,0.1738581882412314,0.001514004542013626,341435.84320758766
uci_har,1.0,fedavg,3,378.1440694967994,0.0008445696000000001,0.5168571428571428,0.8822531387852053,0.0002507596617577197,3,0.8893790295215473,0.0008445696000000001,0.33118425517475397,0.01153715643026807,1507994.016446539
uci_har,0.25,fedavg_single,0,118.13112931679998,0.0008445696000000001,0.3,0.8571428571428571,0.0008445696000000001,3,0.8571428571428571,0.0008445696000000001,0.0,1.0,139871.39640924794
uci_har,1.0,energy_greedy,11,343.23864588720016,0.0008445696000000001,0.3591428571428571,0.8574821852731591,0.00020227727505938242,3,0.8754665761791652,0.0008445696000000001,0.4825246012894469,0.0,1696872.007922965
pamap2,1.0,fedavg_single,8,555.9015488111997,0.0009504768000000001,0.3,0.42089326267978805,0.0009504768000000003,3,0.42089326267978805,0.0009504768000000001,0.0,1.0,584865.9839053405
uci_har,0.25,energy_greedy,9,120.59192979360007,0.0008445696000000001,0.37885714285714284,0.836104513064133,0.0002484673489786223,3,0.8588394977943672,0.0008445696000000001,0.30098405157787583,0.00508992195453003,485343.16597057425
pamap2,1.0,oort,10,559.2044474784005,0.0009504768000000001,0.3,0.5472772277227723,0.000315200664079208,1,0.5621287128712872,0.00039667712,0.5512376237623763,0.006188118811881188,1774122.0473376792
uci_har,1.0,fedavg,6,375.582653976,0.0008445696000000001,0.3,0.8795385137427892,0.00020331427572446557,3,0.8917543264336614,0.0008445696000000001,0.47641669494401084,0.0,1847300.9464667155
uci_har,1.0,ecofed,9,173.33805646219994,0.0008445696000000001,0.9308571428571428,0.8791991856124872,0.0002345578291686461,3,0.8791991856124872,0.0008445696000000001,0.7207329487614523,0.11706820495419071,738999.2356109784
pamap2,0.25,fedavg,4,134.7301855367999,0.0009504768000000001,0.3985714285714286,0.2621751198586929,0.0003488232047236943,1,0.26318445622003533,0.00039667712,0.26419379258137776,0.0,386242.03812220803
uci_har,1.0,energy_greedy,13,348.94809577440026,0.0008445696000000001,0.3,0.8778418730912793,0.0001956494533016627,1,0.8618934509670851,0.00029152256,0.517814726840855,0.0,1783537.2902186115
uci_har,1.0,static_depth,5,274.88211220700003,0.0008445696000000001,0.3,0.835425856803529,0.0001064359464133017,0,0.835425856803529,0.00010637312000000001,0.999660671869698,0.0,2582605.9848202467
uci_har,0.25,fedavg_single,15,114.88463741159998,0.0008445696000000001,0.3,0.8985408890397014,0.0008445696000000001,3,0.8985408890397014,0.0008445696000000001,0.0,1.0,136027.43623687138
uci_har,1.0,oort,9,380.7740338667996,0.0008445696000000001,0.7534285714285713,0.8802171700033933,0.0003355656634679335,2,0.8791991856124872,0.0005681715200000001,0.12758737699355277,0.07125890736342043,1134722.8734062244
pamap2,1.0,ecofed,15,454.2697334563999,0.0009504768000000001,0.7534285714285713,0.5546262415054888,0.00055631087807632,3,0.5423418714061683,0.0009504768000000001,0.38003136434918977,0.3897020386826973,816575.3203087265
uci_har,0.25,fedavg,5,114.0256284311999,0.0008445696000000001,0.3,0.8703766542246352,0.00019608923819477436,1,0.8761452324397693,0.00029152256,0.5154394299287411,0.0,581498.6558208711
pamap2,1.0,oort,3,567.2492512776001,0.0009504768000000001,0.3,0.45791949817041294,0.00031200936347098804,1,0.4503397804495557,0.00039667712,0.5282279142707789,0.005488761108207005,1818052.012821549
uci_har,0.25,fedavg_single,2,116.28526882560001,0.0008445696000000001,0.3,0.8829317950458093,0.0008445696000000001,3,0.8829317950458093,0.0008445696000000001,0.0,1.0,137685.83290897516
pamap2,0.25,fedavg_single,14,135.003974664,0.0009504768000000001,0.3,0.3349009900990099,0.0009504768000000002,3,0.3349009900990099,0.0009504768000000001,0.0,1.0,142038.15881039912
pamap2,0.25,oort,1,138.06094953359994,0.0009504768000000001,0.3,0.09300095877277086,0.000331887334228188,3,0.12336209651645894,0.0009504768000000001,0.36337488015340363,0.0,415987.4008288506
pamap2,0.25,fedavg_single,9,141.53092143599997,0.0009504768000000001,0.3,0.5480984340044742,0.0009504768000000002,3,0.5480984340044742,0.0009504768000000001,0.0,1.0,148905.18257363036
pamap2,1.0,static_depth,3,433.7566983496001,0.0009504768000000001,0.3,0.4255096706743335,0.00021763074676424464,0,0.42289597490852066,0.00021131264,0.9717720857292211,0.0015682174594877157,1993085.5579863477
uci_har,1.0,fedavg_single,0,387.3510490464,0.0008445696000000001,0.3,0.8866644044791313,0.0008445696000000001,3,0.8866644044791313,0.0008445696000000001,0.0,1.0,458637.2147972174
uci_har,1.0,fedavg,9,376.77968752199996,0.0008445696000000001,0.41828571428571426,0.8534102477095351,0.0002052899390023753,3,0.8659653885307091,0.0008445696000000001,0.47030878859857483,0.00033932813030200206,1835353.887058442
uci_har,0.25,oort,1,119.50675855320003,0.0008445696000000001,0.3,0.8113335595520869,0.00023774315021377672,3,0.836104513064133,0.0008445696000000001,0.29046487953851374,0.0,502671.72133346647
pamap2,0.25,ecofed,7,143.50635019679999,0.0009504768000000001,0.7928571428571427,0.5373758494511239,0.000479870172002091,3,0.5611604809200209,0.0009504768000000001,0.4605331939362258,0.2877679038159958,299052.44911987294
uci_har,1.0,ecofed,14,170.99954679959995,0.0008445696000000001,0.3,0.8571428571428571,0.00010637312000000006,2,0.8778418730912793,0.0005681715200000001,1.0,0.0,1607544.7143000024
pamap2,0.25,energy_greedy,4,134.73018553679995,0.0009504768000000001,0.3,0.26772646984607623,0.00036063276959878883,1,0.2654554630330558,0.00039667712,0.20161493817814788,0.0,373593.85195829533
uci_har,0.25,static_depth,2,109.05519584720003,0.0008445696000000001,0.3,0.8693586698337292,0.00010637312000000006,3,0.8544282321004412,0.0008445696000000001,1.0,0.0,1025213.8495815481
uci_har,1.0,energy_greedy,2,341.95295751840007,0.0008445696000000001,0.3,0.841873091279267,0.00018050828769596198,3,0.8717339667458432,0.0008445696000000001,0.5995928062436376,0.0,1894389.2376529903
uci_har,0.25,ecofed,9,68.08551933905,0.0008445696000000001,0.3,0.835086528673227,0.00010637312000000006,0,0.835086528673227,0.00010637312000000001,1.0,0.0,640063.1977237291
pamap2,1.0,energy_greedy,1,564.0093907344,0.0009504768000000001,1.01,0.4720357941834452,0.0009504768000000002,1,0.4768296580377117,0.00039667712,0.0,1.0,593396.2730435923
uci_har,1.0,fedavg_single,5,379.80277367280036,0.0008445696000000001,0.3,0.8937902952154734,0.0008445696000000001,3,0.8937902952154734,0.0008445696000000001,0.0,1.0,449699.7922643679
pamap2,1.0,static_depth,5,494.14602503439994,0.0009504768000000001,0.3,0.6772131671460531,0.00021412412706935124,0,0.6784915308405242,0.00021131264,0.9881751358261426,0.00031959092361776926,2307755.0007914533
pamap2,0.25,static_depth,9,175.13565653400008,0.0009504768000000001,0.3,0.5107062959411953,0.00021477788348993289,0,0.5081495685522531,0.00021131264,0.9817833173537871,0.0,815426.866529342
pamap2,1.0,static_depth,7,423.5917788587999,0.0009504768000000001,0.3,0.538421327757449,0.0002169303960690016,0,0.5439100888656561,0.00021131264,0.9728175640355463,0.00026136957658128593,1952662.1742951279
uci_har,1.0,fedavg,5,379.80277367280036,0.0008445696000000001,0.3,0.8903970139124533,0.00019439292503562947,3,0.8961655921275874,0.0008445696000000001,0.5246012894468951,0.0,1953789.077473822
uci_har,0.25,oort,9,120.59192979359997,0.0008445696000000001,0.3591428571428571,0.8530709195792331,0.00022438989833729214,2,0.8666440447913132,0.0005681715200000001,0.3661350525958602,0.00033932813030200206,537421.3843277916
pamap2,0.25,energy_greedy,6,132.99123806160006,0.0009504768000000001,1.01,0.2839108910891089,0.0009504768000000002,1,0.3099009900990099,0.00039667712,0.0,1.0,139920.5515185642
uci_har,0.25,energy_greedy,10,114.1111922472,0.0008445696000000001,0.3591428571428571,0.835425856803529,0.00022798445453681713,3,0.8266033254156769,0.0008445696000000001,0.37156430268069224,0.0006786562606040041,500521.81180086656
uci_har,0.25,energy_greedy,2,116.28526882560001,0.0008445696000000001,0.3,0.8184594502884289,0.00023164898812351545,3,0.8435697319307771,0.0008445696000000001,0.3233797081778079,0.0,501989.10760446143
pamap2,0.25,oort,14,135.003974664,0.0009504768000000001,0.3,0.249009900990099,0.00036645367382178226,1,0.23935643564356435,0.00039667712,0.24034653465346534,0.0014851485148514852,368406.6617644461
pamap2,0.25,static_depth,3,166.8640008656,0.0009504768000000001,1.01,0.28881338212232094,0.0009504768000000002,2,0.2898588604286461,0.0006736486399999999,0.0,1.0,175558.20496155188
uci_har,1.0,static_depth,7,269.6471650606,0.0008445696000000001,0.6154285714285714,0.839837122497455,0.00012186863581947746,2,0.8842891075670173,0.0005681715200000001,0.9457074991516796,0.005768578215134035,2212605.0993138636
pamap2,1.0,static_depth,13,487.36212552600006,0.0009504768000000001,1.01,0.5113454777884308,0.0009504768000000002,2,0.5605624800255673,0.0006736486399999999,0.0,1.0,512755.41446777026
pamap2,0.25,static_depth,1,177.0444325064,0.0009504768000000001,0.3,0.472355385107063,0.00021255669691275169,0,0.472355385107063,0.00021131264,0.9932885906040269,0.0,832928.0379204969
uci_har,0.25,static_depth,12,104.82295089159999,0.0008445696000000001,0.3,0.850356294536817,0.00010637312000000006,0,0.850356294536817,0.00010637312000000001,1.0,0.0,985427.0598775323
uci_har,0.25,fedavg_single,10,114.11119224720004,0.0008445696000000001,0.3,0.8510349507974211,0.0008445696000000001,3,0.8510349507974211,0.0008445696000000001,0.0,1.0,135111.65006081207
uci_har,1.0,ecofed,0,178.15972370269992,0.0008445696000000001,0.911142857142857,0.8880217170003394,0.0002474145018527316,3,0.8856464200882254,0.0008445696000000001,0.6888361045130641,0.1001017984390906,720086.0190836583
pamap2,0.25,energy_greedy,2,134.08023368640002,0.0009504768000000001,0.43799999999999994,0.40272277227722775,0.0005324034838811881,2,0.3962871287128713,0.0006736486399999999,0.0,0.1193069306930693,251839.51222287933
uci_har,0.25,energy_greedy,3,115.17117810240005,0.0008445696000000001,0.4971428571428571,0.8663047166610112,0.00030361471087885986,3,0.8686800135731252,0.0008445696000000001,0.0654903291482864,0.008143875127248049,379333.32600722543
uci_har,1.0,ecofed,13,183.06667060300003,0.0008445696000000001,0.576,0.8883610451306413,0.00011890044655581952,1,0.8910756701730573,0.00029152256,0.9409569053274517,0.0013573125212080082,1539663.4403476084
uci_har,0.25,ecofed,10,71.49702143839995,0.0008445696000000001,0.3,0.8466236851034951,0.00010637312000000006,0,0.8466236851034951,0.00010637312000000001,1.0,0.0,672134.2895498404
pamap2,0.25,static_depth,15,166.12167111599996,0.0009504768000000001,0.3,0.4445896497647674,0.0002113610886356508,0,0.4445896497647674,0.00021131264,0.9997386304234187,0.0,785961.4661730116
pamap2,0.25,fedavg_single,13,137.53815361200003,0.0009504768000000001,0.3,0.3231064237775647,0.0009504768000000002,3,0.3231064237775647,0.0009504768000000001,0.0,1.0,144704.37743667178
uci_har,1.0,oort,4,394.5827708087998,0.0008445696000000001,0.3,0.8673227010519172,0.0001830841706413302,1,0.846284356973193,0.00029152256,0.5856803529012555,0.0,2155198.7232244373
pamap2,1.0,ecofed,7,447.8340045546002,0.0009504768000000001,1.01,0.5475692629377941,0.0009504768000000002,0,0.5527966544694197,0.00021131264,0.0,1.0,471167.7387124022
pamap2,0.25,energy_greedy,14,135.003974664,0.0009504768000000001,1.01,0.26163366336633664,0.0009504768000000002,1,0.31386138613861386,0.00039667712,0.0,1.0,142038.15881039912
uci_har,1.0,oort,11,342.57651871320013,0.0008445696000000001,0.3,0.8591788259246692,0.0001882359365320665,3,0.8612147947064812,0.0008445696000000001,0.5578554462164913,0.0,1819931.5445530843
pamap2,1.0,fedavg_single,1,564.2517933479998,0.0009504768000000001,0.3,0.37488015340364333,0.0009504768000000002,3,0.37488015340364333,0.0009504768000000001,0.0,1.0,593651.3056899438
pamap2,0.25,fedavg_single,8,136.52584581600007,0.0009504768000000001,0.3,0.34494070148877115,0.0009504768000000003,3,0.34494070148877115,0.0009504768000000001,0.0,1.0,143639.3248272867
pamap2,0.25,ecofed,3,148.0388826117,0.0009504768000000001,0.3,0.514636696288552,0.00021491833509670676,0,0.5162049137480397,0.00021131264,0.9856246732880293,0.0005227391531625719,688814.5794777675
uci_har,1.0,energy_greedy,7,344.75985775559957,0.0008445696000000001,0.31971428571428573,0.8496776382762131,0.0001888013742517815,1,0.8758059043094673,0.00029152256,0.5548014930437734,0.0,1826045.277063689
uci_har,1.0,fedavg_single,12,380.9058352656002,0.0008445696000000001,0.3,0.8910756701730573,0.0008445696000000001,3,0.8910756701730573,0.0008445696000000001,0.0,1.0,451005.85584136605
pamap2,0.25,oort,5,139.1187786648,0.0009504768000000001,1.01,0.13742409715564077,0.0009504768000000002,0,0.25822946628315757,0.00021131264,0.0,1.0,146367.35864021088
uci_har,0.25,fedavg_single,13,119.41557879119995,0.0008445696000000001,0.3,0.8788598574821853,0.0008445696000000001,3,0.8788598574821853,0.0008445696000000001,0.0,1.0,141392.22959386645
pamap2,1.0,ecofed,5,481.2833818218,0.0009504768000000001,0.635142857142857,0.7066155321188878,0.00038541362398210294,3,0.6903163950143816,0.0009504768000000001,0.5023969319271333,0.10961968680089486,1248745.1192025035
uci_har,0.25,static_depth,14,111.53432330940001,0.0008445696000000001,0.635142857142857,0.8791991856124872,0.00012387612579572448,1,0.8262639972853749,0.00029152256,0.9379029521547336,0.008822531387852052,900369.805666376
pamap2,0.25,oort,12,135.7061042064,0.0009504768000000001,1.01,0.22154933131466062,0.0009504768000000003,0,0.3257633106232652,0.00021131264,0.0,1.0,142776.8717830882
pamap2,1.0,static_depth,1,486.12059395040006,0.0009504768000000001,0.3,0.6289549376797698,0.00021690702460850112,0,0.6283157558325344,0.00021131264,0.975071907957814,0.0006391818472355385,2241147.3064452694
pamap2,0.25,oort,0,131.64275950559997,0.0009504768000000001,0.3,0.3885944991168307,0.0003280330745798638,1,0.3840524854907898,0.00039667712,0.4393136512742872,0.004542013626040878,401309.4096508548
uci_har,1.0,fedavg_single,6,375.582653976,0.0008445696000000001,0.3,0.9090600610790635,0.0008445696000000001,3,0.9090600610790635,0.0008445696000000001,0.0,1.0,444703.0226709557
uci_har,1.0,energy_greedy,5,365.53650914879967,0.0008445696000000001,0.3,0.8880217170003394,0.0001943300986223278,1,0.8798778418730913,0.00029152256,0.5249406175771971,0.0,1881008.2006864217
pamap2,1.0,oort,13,571.2879515231998,0.0009504768000000001,0.3,0.4301693831895174,0.0002610906315883669,0,0.47043783956535634,0.00021131264,0.7500798977309044,0.003515500159795462,2188082.9198953686
uci_har,0.25,oort,0,118.1311293168,0.0008445696000000001,0.3,0.8713946386155412,0.000206140734631829,2,0.8924329826942654,0.0005681715200000001,0.46216491347132677,0.0,573060.5817806184
pamap2,0.25,static_depth,10,169.87077089,0.0009504768000000001,1.01,0.34826732673267324,0.0009504768000000002,0,0.5801980198019802,0.00021131264,0.0,1.0,178721.63832931005
pamap2,0.25,oort,3,140.407854324,0.0009504768000000001,1.01,0.2916884474647151,0.0009504768000000002,0,0.3282801881860951,0.00021131264,0.0,1.0,147723.59969648914
pamap2,0.25,ecofed,10,143.45346831430004,0.0009504768000000001,0.3,0.5131188118811881,0.00022337429037623763,0,0.5128712871287129,0.00021131264,0.9423267326732673,0.0004950495049504951,642211.1876558221
pamap2,1.0,energy_greedy,0,514.4194573271999,0.0009504768000000001,0.3,0.40045420136260407,0.0003526759097653293,1,0.43376230128690385,0.00039667712,0.4107998990663639,0.018168054504163512,1458618.0770597425
uci_har,0.25,energy_greedy,13,119.41557879119998,0.0008445696000000001,0.31971428571428573,0.839497794367153,0.00020538754736342042,3,0.8486596538853071,0.0008445696000000001,0.46521886664404477,0.0,581415.8663665309
uci_har,1.0,oort,1,383.6614445135998,0.0008445696000000001,0.3,0.8948082796063793,0.00019740859287410925,3,0.8978622327790974,0.0008445696000000001,0.5083135391923991,0.0,1943489.07982069
pamap2,0.25,ecofed,0,149.25456385020004,0.0009504768000000001,0.4577142857142857,0.49684582387080495,0.0002818177970224577,1,0.42770628311884934,0.00039667712,0.7534695937421145,0.024728740852889227,529613.6916374594
uci_har,1.0,static_depth,14,267.97669466240006,0.0008445696000000001,0.3,0.8713946386155412,0.00010637312000000006,1,0.9005768578215134,0.00029152256,1.0,0.0,2519214.390462552
uci_har,1.0,fedavg,13,380.17691519519997,0.0008445696000000001,0.3,0.8768238887003733,0.00019382748731591447,2,0.8700373260943333,0.0005681715200000001,0.5276552426196132,0.0,1961418.9940746604
pamap2,0.25,fedavg,6,132.9912380615999,0.0009504768000000001,0.3,0.3886138613861386,0.0004297137577821783,1,0.3782178217821782,0.00039667712,0.04034653465346535,0.013366336633663366,309487.968800415
uci_har,1.0,oort,14,370.46602380119987,0.0008445696000000001,0.6548571428571428,0.8907363420427553,0.00029472525985748223,3,0.8985408890397014,0.0008445696000000001,0.19205972175093317,0.031218187987784186,1256987.690774598
uci_har,1.0,ecofed,10,178.40564929970003,0.0008445696000000001,0.3,0.8601968103155752,0.00010637312000000006,0,0.8601968103155752,0.00010637312000000001,1.0,0.0,1677168.5299791896
uci_har,0.25,oort,15,114.88463741159998,0.0008445696000000001,0.6154285714285714,0.8561248727519511,0.00035639187762470317,3,0.8666440447913132,0.0008445696000000001,0.11401425178147269,0.04105870376654225,322354.8139685123
uci_har,0.25,fedavg,6,113.10065545200001,0.0008445696000000001,0.5365714285714285,0.8686800135731252,0.00031522808703087884,3,0.8778418730912793,0.0008445696000000001,0.13708856464200883,0.03630810994231422,358789.90516768576
pamap2,0.25,static_depth,14,171.30857293320008,0.0009504768000000001,0.3,0.5096534653465347,0.0002138113622178218,0,0.5091584158415842,0.00021131264,0.9891089108910891,0.0,801213.6079030182
pamap2,0.25,ecofed,2,147.94618556179995,0.0009504768000000001,0.3,0.6698019801980198,0.000220205644039604,0,0.6702970297029703,0.00021131264,0.9631188118811881,0.0012376237623762376,671854.6484448501
uci_har,0.25,oort,8,115.20050384639994,0.0008445696000000001,0.576,0.8635900916185952,0.000346052992304038,3,0.8683406854428232,0.0008445696000000001,0.0,0.04309467254835426,332898.44737185846
uci_har,0.25,ecofed,1,71.48776027559998,0.0008445696000000001,0.3,0.8489989820156091,0.00010637312000000006,0,0.8489989820156091,0.00010637312000000001,1.0,0.0,672047.2265512184
pamap2,0.25,ecofed,15,145.12370843079998,0.0009504768000000001,0.3,0.5541035023523262,0.00021615469331939365,0,0.5548876110820701,0.00021131264,0.9777835859905907,0.0,671388.1905694403
uci_har,1.0,energy_greedy,12,330.75391694160004,0.0008445696000000001,0.3,0.8720732948761453,0.00019668572427553445,2,0.8829317950458093,0.0005681715200000001,0.5127248048863251,0.0,1681636.6218742507
pamap2,0.25,fedavg_single,4,134.7301855367999,0.0009504768000000001,0.3,0.2624274539490285,0.0009504768000000003,3,0.2624274539490285,0.0009504768000000001,0.0,1.0,141750.10430217744
uci_har,1.0,fedavg_single,14,376.9316498723998,0.0008445696000000001,0.3,0.8975229046487954,0.0008445696000000001,3,0.8975229046487954,0.0008445696000000001,0.0,1.0,446300.28108091955
pamap2,1.0,fedavg,4,554.1005435424003,0.0009504768000000001,0.43799999999999994,0.31238960383547815,0.0003649083197173859,1,0.31642694928084786,0.00039667712,0.33989401968205907,0.03532677264698461,1518465.0872623017
pamap2,1.0,fedavg,8,555.9015488111997,0.0009504768000000001,0.5957142857142856,0.38026747413575573,0.0006060120576129196,3,0.3782488014130709,0.0009504768000000001,0.07998990663638658,0.29876356295735557,917311.036682826
uci_har,0.25,fedavg,15,114.88463741159998,0.0008445696000000001,0.3,0.8069222938581608,0.00019985882299287412,2,0.8649474041398032,0.0005681715200000001,0.49507974211062095,0.0,574828.9502120011
pamap2,0.25,energy_greedy,3,140.407854324,0.0009504768000000001,1.01,0.2898588604286461,0.0009504768000000002,0,0.2765290120230005,0.00021131264,0.0,1.0,147723.59969648914
uci_har,0.25,fedavg,11,112.73613603359999,0.0008445696000000001,0.3,0.8391584662368511,0.00021063318802850358,1,0.8388191381065491,0.00029152256,0.4373939599592806,0.0,535224.9428914506
uci_har,0.25,ecofed,8,71.24876050399997,0.0008445696000000001,0.3,0.8001357312521208,0.00010637312000000006,2,0.8103155751611809,0.0005681715200000001,1.0,0.0,669800.4204821663
pamap2,0.25,oort,2,134.08023368640002,0.0009504768000000001,1.01,0.40915841584158413,0.0009504768000000002,1,0.5086633663366337,0.00039667712,0.0,1.0,141066.28766362314
uci_har,1.0,ecofed,5,171.2631475034,0.0008445696000000001,0.3,0.8693586698337292,0.00010637312000000006,3,0.8890397013912453,0.0008445696000000001,1.0,0.0,1610022.7905640064
pamap2,0.25,fedavg,12,135.70610420640003,0.0009504768000000001,1.01,0.232147363108756,0.0009504768000000003,1,0.4254352763058289,0.00039667712,0.0,1.0,142776.87178308822
pamap2,1.0,fedavg_single,2,549.8986983143998,0.0009504768000000001,0.3,0.5888613861386138,0.0009504768000000002,3,0.5888613861386138,0.0009504768000000001,0.0,1.0,578550.3636852574
uci_har,0.25,fedavg_single,7,116.76528610800005,0.0008445696000000001,0.3,0.8649474041398032,0.0008445696000000001,3,0.8649474041398032,0.0008445696000000001,0.0,1.0,138254.1901910749
uci_har,0.25,fedavg_single,8,115.20050384639993,0.0008445696000000001,0.3,0.9002375296912114,0.0008445696000000001,3,0.9002375296912114,0.0008445696000000001,0.0,1.0,136401.43316358997
pamap2,0.25,oort,7,142.182009432,0.0009504768000000001,1.01,0.3201777313120753,0.0009504768000000002,0,0.3978044955567172,0.00021131264,0.0,1.0,149590.19455498544
pamap2,0.25,fedavg_single,2,134.08023368639996,0.0009504768000000001,0.3,0.3465346534653465,0.0009504768000000002,3,0.3465346534653465,0.0009504768000000001,0.0,1.0,141066.28766362308
pamap2,1.0,static_depth,15,443.1987629476,0.0009504768000000001,0.3,0.5441714584422374,0.0002179934183376895,0,0.5360690015682175,0.00021131264,0.9709879769994773,0.0005227391531625719,2033083.2294259872
uci_har,1.0,fedavg,2,381.70951239359954,0.0008445696000000001,0.3,0.832711231761113,0.0001794402386698337,2,0.8489989820156091,0.0005681715200000001,0.6053613844587716,0.0,2127223.6106191156
uci_har,1.0,energy_greedy,1,340.40814074520006,0.0008445696000000001,0.31971428571428573,0.8825924669155073,0.00021148170945368175,3,0.9066847641669494,0.0008445696000000001,0.4323040380047506,0.0,1609633.9566413213
pamap2,1.0,fedavg_single,11,547.7723524199996,0.0009504768000000001,0.3,0.3431782540512284,0.0009504768000000002,3,0.3431782540512284,0.0009504768000000001,0.0,1.0,576313.2276558455
uci_har,1.0,oort,6,381.17229512400024,0.0008445696000000001,0.3,0.8968442483881914,0.00019728294004750591,3,0.9029521547336274,0.0008445696000000001,0.508992195453003,0.0,1932109.7659646273
pamap2,1.0,static_depth,8,488.87910673639976,0.0009504768000000001,0.5562857142857143,0.6545546303305576,0.0003415663236941711,2,0.6699470098410295,0.0006736486399999999,0.6222558667676003,0.07872823618470856,1431286.027992995
pamap2,1.0,ecofed,14,474.230037316,0.0009504768000000001,0.43799999999999994,0.6356435643564357,0.0003641640655841584,2,0.5663366336633663,0.0006736486399999999,0.5237623762376238,0.04950495049504951,1302242.8134288427
uci_har,1.0,fedavg_single,4,383.1761852688,0.0008445696000000001,0.3,0.8863250763488293,0.0008445696000000001,3,0.8863250763488293,0.0008445696000000001,0.0,1.0,453694.02979789936
uci_har,1.0,fedavg_single,8,377.86635028559994,0.0008445696000000001,0.3,0.8992195453003053,0.0008445696000000001,3,0.8992195453003053,0.0008445696000000001,0.0,1.0,447406.9991219195
pamap2,0.25,ecofed,13,148.49151094600006,0.0009504768000000001,0.3,0.6401406200063918,0.0002151304876957495,0,0.6430169383189518,0.00021131264,0.9837008628954937,0.0006391818472355385,690239.2707629879
uci_har,1.0,energy_greedy,9,336.3849510576002,0.0008445696000000001,0.3394285714285714,0.8713946386155412,0.0001994500864608076,2,0.8866644044791313,0.0005681715200000001,0.497794367153037,0.0,1686562.0718780714
pamap2,1.0,oort,7,574.8730572863998,0.0009504768000000001,0.3,0.5465237846314689,0.0003447511238055411,2,0.5023523261892315,0.0006736486399999999,0.43047569262937796,0.013852587558808156,1667501.619547034
pamap2,0.25,ecofed,12,151.99752820439997,0.0009504768000000001,0.3,0.48120111026999746,0.00021952116663133989,0,0.47993943981831944,0.00021131264,0.9560938682816048,0.0,692404.8853095885
pamap2,1.0,oort,9,566.2624945344004,0.0009504768000000001,0.3,0.5381911153723234,0.0002623321227740492,1,0.5944391179290508,0.00039667712,0.7472035794183445,0.0022371364653243847,2158570.9311784557
pamap2,1.0,oort,15,559.1257591560003,0.0009504768000000001,0.576,0.5214323052796654,0.000515770198849974,2,0.5308416100365917,0.0006736486399999999,0.15525352848928384,0.17537898588604287,1084059.8398331222
uci_har,1.0,fedavg,11,372.5201625300003,0.0008445696000000001,0.37885714285714284,0.844248388191381,0.00020284271277909736,3,0.8632507634882932,0.0008445696000000001,0.4794706481167289,0.0,1836497.6361546074
uci_har,0.25,fedavg_single,1,119.5067585532,0.0008445696000000001,0.3,0.8751272480488632,0.0008445696000000001,3,0.8751272480488632,0.0008445696000000001,0.0,1.0,141500.18962700054
pamap2,1.0,energy_greedy,2,493.9508018663998,0.0009504768000000001,0.3,0.6856435643564357,0.00037790274407920797,3,0.6571782178217822,0.0009504768000000001,0.23737623762376237,0.016336633663366337,1307084.453884961
uci_har,0.25,ecofed,0,70.28288387245,0.0008445696000000001,0.6745714285714286,0.8965049202578894,0.00012698330907363423,1,0.8931116389548693,0.00029152256,0.9246691550729556,0.009501187648456057,553481.2754934181
pamap2,0.25,energy_greedy,8,136.52584581600001,0.0009504768000000001,0.4971428571428571,0.28665152662124654,0.0006984086809386829,3,0.2813525107241988,0.0009504768000000001,0.0,0.3535200605601817,195481.31279311283
pamap2,1.0,oort,11,554.7568898567993,0.0009504768000000001,1.01,0.3964976476738108,0.0009504768000000002,1,0.4571353894406691,0.00039667712,0.0,1.0,583661.6841745103
uci_har,0.25,oort,5,114.0256284311999,0.0008445696000000001,0.5168571428571428,0.8554462164913471,0.0003072049132541568,3,0.8591788259246692,0.0008445696000000001,0.15812690872073296,0.026128266033254157,371171.2394940253
uci_har,0.25,ecofed,2,67.18895575910001,0.0008445696000000001,0.3,0.8595181540549711,0.00010637312000000006,0,0.8595181540549711,0.00010637312000000001,1.0,0.0,631634.7189882179
pamap2,1.0,fedavg_single,5,565.7655826056007,0.0009504768000000001,0.3,0.5950782997762863,0.0009504768000000002,3,0.5950782997762863,0.0009504768000000001,0.0,1.0,595243.968717175
uci_har,0.25,ecofed,3,68.0215313241,0.0008445696000000001,0.3,0.8625721072276892,0.00010637312000000006,0,0.8625721072276892,0.00010637312000000001,1.0,0.0,639461.6546369982
pamap2,0.25,energy_greedy,1,138.0609495336,0.0009504768000000001,0.3,0.12400127836369447,0.0004110355242953021,2,0.12400127836369447,0.0006736486399999999,0.17321828060083094,0.03355704697986577,335885.6871806833
pamap2,0.25,oort,15,132.31226225039993,0.0009504768000000001,1.01,0.22634605331939361,0.0009504768000000002,1,0.23340303188708833,0.00039667712,0.0,1.0,139206.19866828932
uci_har,0.25,fedavg,1,119.5067585532,0.0008445696000000001,0.3,0.826942653545979,0.00024408861795724465,3,0.839837122497455,0.0008445696000000001,0.25619273837801154,0.0,489603.97888824623
pamap2,1.0,oort,0,565.3504317120002,0.0009504768000000001,1.01,0.44410799899066367,0.0009504768000000003,0,0.34670704012112036,0.00021131264,0.0,1.0,594807.1869949903
uci_har,1.0,fedavg_single,2,381.70951239359954,0.0008445696000000001,0.3,0.8944689514760774,0.0008445696000000001,3,0.8944689514760774,0.0008445696000000001,0.0,1.0,451957.43772165076
pamap2,1.0,oort,4,571.1566451087998,0.0009504768000000001,0.3,0.372445117335352,0.0002767830140802423,2,0.3474640423921272,0.0006736486399999999,0.7282361847085541,0.00757002271006813,2063553.8167209043
uci_har,1.0,energy_greedy,0,354.4331782836,0.0008445696000000001,0.3,0.8825924669155073,0.00018503178945368168,1,0.8846284356973193,0.00029152256,0.5751611808618935,0.0,1915525.8635831545
uci_har,1.0,static_depth,9,267.1112378109999,0.0008445696000000001,0.3,0.8551068883610451,0.00010637312000000006,2,0.9046487953851374,0.0005681715200000001,1.0,0.0,2511078.3420755146
pamap2,0.25,ecofed,4,148.4327669836,0.0009504768000000001,0.43799999999999994,0.44915468079737575,0.0002508493239263185,1,0.4579863739591219,0.00039667712,0.8327024981074943,0.0058036840777189,591720.8173429198
pamap2,1.0,ecofed,8,473.99511259340005,0.0009504768000000001,0.3,0.6659096643956599,0.0002538999653999495,0,0.620489528135251,0.00021131264,0.8026747413575575,0.0017663386323492304,1866857.7281873638
pamap2,1.0,oort,6,548.8475889888003,0.0009504768000000001,0.4577142857142857,0.5705445544554455,0.00044013106186138615,2,0.6108910891089109,0.0006736486399999999,0.28737623762376235,0.07722772277227723,1247009.4400236926
pamap2,0.25,fedavg,1,138.0609495336,0.0009504768000000001,1.01,0.32694151486097794,0.0009504768000000002,1,0.29370405880472994,0.00039667712,0.0,1.0,145254.41287320212
pamap2,0.25,fedavg_single,3,140.407854324,0.0009504768000000001,0.3,0.35729221118661786,0.0009504768000000002,3,0.35729221118661786,0.0009504768000000001,0.0,1.0,147723.59969648914
uci_har,0.25,fedavg,0,118.13112931679998,0.0008445696000000001,0.3,0.8771632168306752,0.00021427712,3,0.8574821852731591,0.0008445696000000001,0.4177129284017645,0.0,551300.7143123819
pamap2,0.25,fedavg,9,141.53092143599997,0.0009504768000000001,0.3,0.5449025247682966,0.0004063692914541388,1,0.5643975711089805,0.00039667712,0.18024928092042186,0.028443592201981463,348281.53704614413
pamap2,0.25,oort,4,134.73018553679995,0.0009504768000000001,0.3,0.2616704516780217,0.00025352570283118854,3,0.2591471107746657,0.0009504768000000001,0.7726469846076205,0.0,531426.1395678322
uci_har,1.0,energy_greedy,15,361.55914211280003,0.0008445696000000001,0.3591428571428571,0.8218527315914489,0.00019822460655581948,2,0.8659653885307091,0.0005681715200000001,0.504920257889379,0.0,1823987.18501674
pamap2,1.0,fedavg,10,548.6418858072002,0.0009504768000000001,0.37885714285714284,0.5086633663366337,0.00043027601996039613,3,0.498019801980198,0.0009504768000000001,0.1094059405940594,0.05,1275092.8714495844
uci_har,0.25,ecofed,4,69.04985214515001,0.0008445696000000001,0.5957142857142856,0.8893790295215473,0.00012357567543942995,3,0.8778418730912793,0.0008445696000000001,0.9222938581608415,0.0037326094333220224,558765.7271514933
pamap2,0.25,static_depth,6,172.02636189999998,0.0009504768000000001,0.3,0.5386138613861386,0.00021693295524752475,0,0.5415841584158416,0.00021131264,0.970049504950495,0.0,792993.2162852553
uci_har,0.25,static_depth,5,107.44918554440002,0.0008445696000000001,0.3,0.8510349507974211,0.00010637312000000006,0,0.8510349507974211,0.00010637312000000001,1.0,0.0,1010115.9535830101
uci_har,1.0,ecofed,15,179.49997059060001,0.0008445696000000001,0.9505714285714284,0.8452663725822871,0.00027559861814726845,1,0.8598574821852731,0.00029152256,0.6749236511706821,0.17814726840855108,651309.3998703676
pamap2,1.0,fedavg_single,3,559.4873144400002,0.0009504768000000001,0.3,0.5044432828018819,0.0009504768000000002,3,0.5044432828018819,0.0009504768000000001,0.0,1.0,588638.5805944975
uci_har,1.0,static_depth,4,274.577821765,0.0008445696000000001,0.3,0.8839497794367153,0.00010637312000000006,3,0.9083814048184594,0.0008445696000000001,1.0,0.0,2581270.7361126556
pamap2,1.0,ecofed,1,481.6049686160002,0.0009504768000000001,0.8125714285714285,0.6944710770214126,0.0005509253326174497,1,0.7069351230425056,0.00039667712,0.278363694471077,0.31351869606903165,874174.6659713249
uci_har,1.0,ecofed,7,178.0555967205,0.0008445696000000001,0.3,0.8072616219884629,0.00010637312000000006,3,0.8758059043094673,0.0008445696000000001,1.0,0.0,1673877.730769765
pamap2,1.0,ecofed,0,478.2616326523999,0.0009504768000000001,0.3,0.55740600555135,0.0002471561127630583,1,0.5392379510471865,0.00039667712,0.8511228867019934,0.0,1935058.8877034818
uci_har,1.0,fedavg_single,9,376.77968752199996,0.0008445696000000001,0.3,0.8829317950458093,0.0008445696000000001,3,0.8829317950458093,0.0008445696000000001,0.0,1.0,446120.35233330674
pamap2,1.0,ecofed,3,470.65805596800016,0.0009504768000000001,0.6154285714285714,0.5075797177208573,0.0004599680869837951,1,0.5282279142707789,0.00039667712,0.37428123366440147,0.17433350757971772,1023240.6753570746
pamap2,1.0,fedavg,3,559.4873144400002,0.0009504768000000001,1.01,0.4066910611604809,0.0009504768000000002,1,0.42707788813382125,0.00039667712,0.0,1.0,588638.5805944975
pamap2,1.0,static_depth,14,487.55814313080026,0.0009504768000000001,0.3,0.6792079207920793,0.00022389712855445544,3,0.5398514851485149,0.0009504768000000001,0.9457920792079207,0.0024752475247524753,2177598.9101719013
pamap2,0.25,energy_greedy,13,137.538153612,0.0009504768000000001,0.5365714285714285,0.27772451262384146,0.0005103183033557048,3,0.2786832853946948,0.0009504768000000001,0.0,0.10738255033557047,269514.4436474042
uci_har,0.25,fedavg_single,5,114.0256284311999,0.0008445696000000001,0.3,0.9056667797760435,0.0008445696000000001,3,0.9056667797760435,0.0008445696000000001,0.0,1.0,135010.33950452384
pamap2,1.0,fedavg_single,6,547.4450241288002,0.0009504768000000001,0.3,0.5118811881188119,0.0009504768000000002,3,0.5118811881188119,0.0009504768000000001,0.0,1.0,575968.8444039878
pamap2,1.0,fedavg_single,15,543.2736628007996,0.0009504768000000001,0.3,0.48640878201777316,0.0009504768000000002,3,0.48640878201777316,0.0009504768000000001,0.0,1.0,571580.1404103703
uci_har,1.0,static_depth,12,258.43577154860003,0.0008445696000000001,0.3,0.8747879199185612,0.00010637312000000006,1,0.8934509670851714,0.00029152256,1.0,0.0,2429521.4011641275
uci_har,1.0,oort,10,356.46576400800006,0.0008445696000000001,0.3,0.8808958262639973,0.0001948327099287411,3,0.8941296233457754,0.0008445696000000001,0.5222259925347811,0.0,1829599.1681190252
uci_har,1.0,oort,3,382.1378514719998,0.0008445696000000001,0.43799999999999994,0.8734306073973532,0.00022659193615201902,2,0.8775025449609772,0.0005681715200000001,0.39226331862911434,0.0040719375636240245,1686458.3001560394
pamap2,0.25,fedavg,10,132.06782414159994,0.0009504768000000001,1.01,0.3017326732673267,0.0009504768000000002,1,0.29876237623762375,0.00039667712,0.0,1.0,138949.02447024474
pamap2,1.0,ecofed,9,492.0853464411997,0.0009504768000000001,0.7337142857142857,0.5934803451581975,0.0004485126414317673,2,0.5663151166506871,0.0006736486399999999,0.5353147970597635,0.2486417385746245,1097149.3353461279
pamap2,1.0,oort,14,565.4119614768,0.0009504768000000001,1.01,0.4623762376237624,0.0009504768000000002,0,0.4301980198019802,0.00021131264,0.0,1.0,594871.9226779653
pamap2,0.25,energy_greedy,0,131.6427595055999,0.0009504768000000001,0.3,0.2379510471864749,0.0004075326517486754,3,0.2730254857431239,0.0009504768000000001,0.06510219530658592,0.003785011355034065,323023.83365047217
pamap2,0.25,static_depth,0,173.44050673600006,0.0009504768000000001,0.3,0.427958617209185,0.00021234166310370932,0,0.4284632853898562,0.00021131264,0.9944486500126167,0.0,816799.2291333348
uci_har,1.0,fedavg,0,387.3510490464,0.0008445696000000001,0.3,0.8802171700033933,0.00018195329520190028,1,0.8900576857821514,0.00029152256,0.5917882592466915,0.0,2128848.7719696686
uci_har,1.0,static_depth,11,272.36845341080004,0.0008445696000000001,0.5957142857142856,0.8998982015609094,0.00012109237814726845,2,0.8937902952154734,0.0005681715200000001,0.9382422802850356,0.003053953172718018,2249261.7419698765
uci_har,0.25,fedavg,13,119.41557879119995,0.0008445696000000001,0.3,0.8167628096369189,0.00020230905311163894,3,0.8109942314217848,0.0008445696000000001,0.48184594502884287,0.0,590263.1491498485
uci_har,0.25,energy_greedy,1,119.50675855320003,0.0008445696000000001,0.43799999999999994,0.845945028842891,0.0002952286130166271,2,0.8591788259246692,0.0005681715200000001,0.10824567356633864,0.010519172039362062,404793.9572390616
pamap2,0.25,energy_greedy,5,139.11877866479995,0.0009504768000000001,1.01,0.12432086928731224,0.0009504768000000002,0,0.17641418983700863,0.00021131264,0.0,1.0,146367.35864021082
pamap2,0.25,oort,13,137.538153612,0.0009504768000000001,0.3,0.25023969319271333,0.00028607105431767345,0,0.2665388302972196,0.00021131264,0.6014701182486417,0.00031959092361776926,480783.188428662
pamap2,0.25,fedavg,15,132.31226225039995,0.0009504768000000001,0.3,0.2835859905906952,0.0004043693244955568,1,0.30318870883429166,0.00039667712,0.07449032932566649,0.0023523261892315736,327206.47743361106
uci_har,1.0,ecofed,12,186.81393965480004,0.0008445696000000001,0.5562857142857143,0.8585001696640652,0.00012579273273159147,3,0.8781812012215813,0.0008445696000000001,0.9280624363759755,0.005768578215134035,1485093.2609391017
uci_har,1.0,static_depth,6,269.862266774,0.0008445696000000001,0.999,0.8747879199185612,0.0005954900157719716,3,0.8717339667458432,0.0008445696000000001,0.2796063793688497,0.5693926026467594,453176.81174580293
uci_har,1.0,oort,7,381.0495438540002,0.0008445696000000001,0.3,0.850356294536817,0.00018873854783847983,2,0.8720732948761453,0.0005681715200000001,0.5551408211740754,0.0,2018928.0261926027
pamap2,0.25,oort,9,141.53092143600006,0.0009504768000000001,1.01,0.5426653883029722,0.0009504768000000002,2,0.5746244806647491,0.0006736486399999999,0.0,1.0,148905.18257363045
pamap2,1.0,oort,8,570.7004545440004,0.0009504768000000001,0.5562857142857143,0.44436033308099926,0.0005086247843754733,3,0.4453696694423417,0.0009504768000000001,0.08932626797880394,0.1461014383043149,1122046.0977825692
uci_har,0.25,static_depth,10,108.12339189019997,0.0008445696000000001,0.3,0.8663047166610112,0.00010637312000000006,0,0.8663047166610112,0.00010637312000000001,1.0,0.0,1016454.0806004365
uci_har,0.25,fedavg,2,116.28526882560001,0.0008445696000000001,0.3,0.835086528673227,0.00020381688703087884,2,0.8479809976247031,0.0005681715200000001,0.47370206990159486,0.0,570537.9496252559
pamap2,0.25,static_depth,13,177.14346761879995,0.0009504768000000001,0.3,0.34164269734739533,0.00021409627060402686,0,0.33972515180568874,0.00021131264,0.9859379993608182,0.0,827400.9963790005
pamap2,0.25,static_depth,2,169.77523722239994,0.0009504768000000001,0.3,0.6324257425742574,0.00021438568934653462,0,0.630940594059406,0.00021131264,0.9849009900990099,0.0,791914.9722161444
pamap2,1.0,ecofed,6,487.9784772050001,0.0009504768000000001,0.3,0.7747524752475248,0.00024025258835643566,0,0.7391089108910891,0.00021131264,0.8601485148514851,0.0004950495049504951,2031106.0144794006
pamap2,1.0,fedavg,1,564.2517933479998,0.0009504768000000001,0.3591428571428571,0.4263342921061042,0.00041377265109619694,2,0.3576222435282838,0.0006736486399999999,0.14221796100990733,0.031000319590923617,1363675.9023418836
uci_har,0.25,oort,10,114.11119224720002,0.0008445696000000001,0.3591428571428571,0.8201560909399389,0.00023949810622327794,2,0.8126908720732948,0.0005681715200000001,0.32914828639294197,0.0037326094333220224,476459.68499148416
uci_har,0.25,fedavg,4,115.20021800039996,0.0008445696000000001,0.3,0.8734306073973532,0.00020124100408551066,1,0.848320325755005,0.00029152256,0.4876145232439769,0.0,572449.0320643076
uci_har,1.0,fedavg_single,10,371.88555806640005,0.0008445696000000001,0.3,0.8724126230064473,0.0008445696000000001,3,0.8724126230064473,0.0008445696000000001,0.0,1.0,440325.53156826866
pamap2,0.25,static_depth,11,166.68872640440006,0.0009504768000000001,0.3,0.4461578672242551,0.00021269314509147932,0,0.4472033455305802,0.00021131264,0.9929430214323053,0.0,783705.2121858804
pamap2,1.0,fedavg,5,565.7655826056007,0.0009504768000000001,0.37885714285714284,0.7363374880153404,0.0003723423441610739,1,0.7523170341962289,0.00039667712,0.2339405560882071,0.012464046021093002,1519476.8778725115
pamap2,0.25,fedavg,11,135.77130140160003,0.0009504768000000001,0.3591428571428571,0.29430214323052795,0.00039911229156299014,1,0.2990067956089911,0.00039667712,0.16962885520125456,0.007579717720857292,340183.21227316005
uci_har,0.25,ecofed,15,68.74790162675,0.0008445696000000001,0.7928571428571427,0.842212419409569,0.000157947390783848,2,0.8449270444519851,0.0005681715200000001,0.8527315914489311,0.023752969121140142,435258.2292469265
uci_har,0.25,fedavg,12,111.62728917840003,0.0008445696000000001,0.3,0.8174414658975229,0.00020921995857482186,1,0.8171021377672208,0.00029152256,0.44451985069562266,0.0,533540.3464315262
pamap2,1.0,fedavg_single,14,552.2766668016001,0.0009504768000000001,0.3,0.41955445544554454,0.0009504768000000002,3,0.41955445544554454,0.0009504768000000001,0.0,1.0,581052.2327337185
uci_har,0.25,energy_greedy,5,114.02562843119999,0.0008445696000000001,0.3591428571428571,0.8456057007125891,0.00021423366688836106,2,0.8510349507974211,0.0005681715200000001,0.4346793349168646,0.0,532248.8761330856
uci_har,0.25,fedavg_single,11,112.73613603359999,0.0008445696000000001,0.3,0.8595181540549711,0.0008445696000000001,3,0.8595181540549711,0.0008445696000000001,0.0,1.0,133483.53532213328
uci_har,1.0,oort,12,343.3313426928002,0.0008445696000000001,0.3,0.8625721072276892,0.000195775106128266,2,0.8839497794367153,0.0005681715200000001,0.5171360705802511,0.0,1753702.7535454878
pamap2,0.25,ecofed,9,149.56579525019995,0.0009504768000000001,0.3,0.6845637583892618,0.0002188846045637584,0,0.6890380313199105,0.00021131264,0.9734739533397252,0.003835091083413231,683308.8857404463
pamap2,1.0,fedavg,0,551.9829100103997,0.0009504768000000001,0.3,0.28690386071158214,0.0003250550717335353,1,0.33358566742366896,0.00039667712,0.4342669694675751,0.002271006813020439,1698121.204713548
pamap2,0.25,energy_greedy,12,135.7061042064,0.0009504768000000001,1.01,0.3653797628059551,0.0009504768000000003,1,0.37496845823870806,0.00039667712,0.0,1.0,142776.8717830882
uci_har,0.25,energy_greedy,11,112.73613603359996,0.0008445696000000001,0.3,0.8306752629793009,0.00023243395344418053,1,0.8103155751611809,0.00029152256,0.31964709874448594,0.0,485024.38805986993
pamap2,1.0,static_depth,9,505.21276064520026,0.0009504768000000001,1.01,0.680089485458613,0.0009504768000000002,2,0.8028124001278364,0.0006736486399999999,0.0,1.0,531536.1307558481
pamap2,0.25,oort,10,132.0678241416,0.0009504768000000001,0.3,0.35767326732673266,0.0003172269725148515,1,0.36014851485148514,0.00039667712,0.4670792079207921,0.0014851485148514852,416319.6562215939
uci_har,1.0,oort,5,387.09600816240027,0.0008445696000000001,0.3,0.8992195453003053,0.0001951468419952494,3,0.8907363420427553,0.0008445696000000001,0.5205293518832711,0.0,1983614.0016645703
pamap2,1.0,fedavg,7,565.0577450784006,0.0009504768000000001,0.3,0.4989545216936749,0.00040468216104547834,1,0.4553058024046001,0.00039667712,0.24072138003136434,0.01881860951385259,1396300.1077650643
uci_har,0.25,energy_greedy,0,118.1311293168,0.0008445696000000001,0.6548571428571428,0.8367831693247371,0.0003974883663657957,3,0.841873091279267,0.0008445696000000001,0.0,0.07499151679674244,297193.92896165355
pamap2,1.0,fedavg_single,0,551.9829100103997,0.0009504768000000001,0.3,0.3936411809235428,0.0009504768000000003,3,0.3936411809235428,0.0009504768000000001,0.0,1.0,580743.1701756419
pamap2,0.25,fedavg_single,1,138.0609495336,0.0009504768000000001,0.3,0.307446468520294,0.0009504768000000002,3,0.307446468520294,0.0009504768000000001,0.0,1.0,145254.41287320212
pamap2,1.0,oort,5,581.2602977304003,0.0009504768000000001,0.6942857142857142,0.6599552572706935,0.0005874896465324384,3,0.6593160754234579,0.0009504768000000001,0.07638223074464685,0.2486417385746245,989396.6662411741
uci_har,1.0,static_depth,3,266.13647871259997,0.0008445696000000001,1.01,0.8982015609093994,0.0008445696000000001,2,0.8954869358669834,0.0005681715200000001,0.0,1.0,315114.9161805018
uci_har,0.25,static_depth,7,106.54423186,0.0008445696000000001,0.41828571428571426,0.831693247370207,0.00010662442565320669,1,0.8486596538853071,0.00029152256,0.998642687478792,0.0,999247.8853441376
uci_har,0.25,oort,11,112.73613603359999,0.0008445696000000001,0.3,0.835765184933831,0.00022191007923990502,1,0.828978622327791,0.00029152256,0.37699355276552426,0.00033932813030200206,508026.207821421
uci_har,0.25,fedavg,10,114.11119224720004,0.0008445696000000001,0.5168571428571428,0.825924669155073,0.0003235966114964371,3,0.831014591109603,0.0008445696000000001,0.11469290804207669,0.04580929759077027,352634.0764802985
pamap2,0.25,static_depth,8,172.7473244599999,0.0009504768000000001,0.3,0.302296240222054,0.00021196747288417865,0,0.3020439061317184,0.00021131264,0.9964673227353016,0.0,814970.9109113687
uci_har,1.0,ecofed,3,170.78696711899994,0.0008445696000000001,0.3,0.8680013573125213,0.00010637312000000006,0,0.8680013573125213,0.00010637312000000001,1.0,0.0,1605546.2801034683
pamap2,0.25,fedavg,8,136.52584581600007,0.0009504768000000001,0.3,0.36235175372192785,0.0004117919594650519,1,0.3020439061317184,0.00039667712,0.07115821347464042,0.0010093363613424174,331540.824627458
uci_har,1.0,ecofed,8,174.76581096779995,0.0008445696000000001,0.3,0.8812351543942993,0.00010637312000000006,3,0.8615541228367831,0.0008445696000000001,1.0,0.0,1642950.8786411441
pamap2,1.0,oort,1,575.8356062808,0.0009504768000000001,0.5562857142857143,0.32981783317353786,0.0004971279004921701,3,0.319910514541387,0.0009504768000000001,0.15659955257270694,0.15659955257270694,1158324.8610884787
pamap2,1.0,ecofed,10,465.35426767320007,0.0009504768000000001,0.4774285714285714,0.6621287128712872,0.0003853655192079208,3,0.6826732673267327,0.0009504768000000001,0.5502475247524753,0.1155940594059406,1207565.9198303157
uci_har,0.25,fedavg_single,12,111.62728917840003,0.0008445696000000001,0.3,0.8642687478791992,0.0008445696000000001,3,0.8642687478791992,0.0008445696000000001,0.0,1.0,132170.6217917387
pamap2,1.0,energy_greedy,12,485.54878779599983,0.0009504768000000001,0.31971428571428573,0.4057532172596518,0.00042627609451425694,1,0.40676255362099417,0.00039667712,0.10875599293464547,0.01917739086550593,1139047.6595908676
pamap2,0.25,fedavg,2,134.08023368639996,0.0009504768000000001,0.3,0.40222772277227725,0.0004105294929108912,1,0.4150990099009901,0.00039667712,0.026237623762376237,0.0017326732673267327,326603.1698129498
pamap2,1.0,energy_greedy,3,529.9886230439998,0.0009504768000000001,0.3,0.48039728175640356,0.000402042291186618,2,0.45818086774699424,0.0006736486399999999,0.15263983272347098,0.021432305279665446,1318240.977783087
pamap2,1.0,static_depth,4,481.73308524479995,0.0009504768000000001,0.3,0.5412566237698713,0.00022029266264950796,0,0.5422659601312138,0.00021131264,0.9523088569265707,0.0,2186786.7928549726
uci_har,1.0,energy_greedy,6,343.7843673407997,0.0008445696000000001,0.3,0.8612147947064812,0.0001962148910213777,2,0.8663047166610112,0.0005681715200000001,0.5147607736681371,0.0,1752080.9228660644
uci_har,0.25,fedavg_single,14,120.30016476000004,0.0008445696000000001,0.3,0.833389888021717,0.0008445696000000001,3,0.833389888021717,0.0008445696000000001,0.0,1.0,142439.6103766937
uci_har,0.25,oort,3,115.17117810240012,0.0008445696000000001,0.4774285714285714,0.843909060061079,0.00028898679790973874,3,0.8493383101459111,0.0008445696000000001,0.13030200203596878,0.006447234475738039,398534.39304300793
uci_har,0.25,fedavg,3,115.17117810240012,0.0008445696000000001,0.5365714285714285,0.8103155751611809,0.0003307180693586699,3,0.8113335595520869,0.0008445696000000001,0.05089921954530031,0.030539531727180182,348245.7983796913
uci_har,1.0,fedavg,14,376.9316498723998,0.0008445696000000001,0.5957142857142856,0.8832711231761113,0.00027585814498812353,3,0.8941296233457754,0.0008445696000000001,0.23617237869019342,0.02307431286053614,1366396.6669848657
pamap2,0.25,energy_greedy,11,135.77130140159994,0.0009504768000000001,1.01,0.21536853110297963,0.0009504768000000002,0,0.29508625196027183,0.00021131264,0.0,1.0,142845.46598254677
uci_har,0.25,static_depth,11,108.03226337099996,0.0008445696000000001,0.6548571428571428,0.833050559891415,0.0001334653993349169,3,0.8568035290125552,0.0008445696000000001,0.9165252799457075,0.013912453342382083,809440.2287734871
pamap2,0.25,fedavg_single,6,132.9912380615999,0.0009504768000000001,0.3,0.251980198019802,0.0009504768000000002,3,0.251980198019802,0.0009504768000000001,0.0,1.0,139920.55151856403
pamap2,0.25,fedavg_single,15,132.31226225039995,0.0009504768000000001,0.3,0.22922111866178776,0.0009504768000000002,3,0.22922111866178776,0.0009504768000000001,0.0,1.0,139206.19866828935
uci_har,1.0,oort,15,388.51928628839994,0.0008445696000000001,0.3,0.828978622327791,0.0001835867819477435,2,0.8540889039701391,0.0005681715200000001,0.5829657278588395,0.0,2116270.4752839385
pamap2,0.25,fedavg,5,139.11877866479998,0.0009504768000000001,0.3,0.4506232023010546,0.0004202184447427294,1,0.4394375199744327,0.00039667712,0.0405880472994567,0.033237456056248005,331062.9992692795
pamap2,0.25,ecofed,6,148.40576188610004,0.0009504768000000001,0.3,0.620049504950495,0.00021912646970297033,0,0.6225247524752475,0.00021131264,0.970049504950495,0.0022277227722772275,677260.7713128706
pamap2,1.0,energy_greedy,13,552.2176345848005,0.0009504768000000001,0.3,0.473633748801534,0.0003263964034004475,3,0.5333972515180568,0.0009504768000000001,0.44838606583573026,0.006391818472355385,1691861.885828744
pamap2,0.25,ecofed,11,145.71246731350007,0.0009504768000000001,0.3,0.5695243073706221,0.0002168340983167799,0,0.5731834814427601,0.00021131264,0.972556194458965,0.0,671999.7843725854
uci_har,0.25,fedavg,7,116.76528610800005,0.0008445696000000001,0.5365714285714285,0.7943671530369868,0.0003385654118764846,3,0.7953851374278927,0.0008445696000000001,0.09365456396335256,0.06040040719375636,344882.5013188245
pamap2,1.0,fedavg,13,564.4984909271996,0.0009504768000000001,0.3985714285714286,0.4260147011824864,0.00035207529950783003,3,0.44263342921061044,0.0009504768000000001,0.35282837967401726,0.011185682326621925,1603345.9084358325
uci_har,1.0,energy_greedy,14,335.9161800612003,0.0008445696000000001,0.3,0.9060061079063454,0.00019445575144893114,1,0.9073634204275535,0.00029152256,0.5242619613165932,0.0,1727468.4732038905
pamap2,0.25,fedavg_single,0,131.64275950560005,0.0009504768000000001,0.3,0.22356800403734545,0.0009504768000000003,3,0.22356800403734545,0.0009504768000000001,0.0,1.0,138501.81246464932
pamap2,0.25,static_depth,5,176.67103387840004,0.0009504768000000001,0.3,0.40779801853627357,0.00021765140617449665,0,0.4103547459252157,0.00021131264,0.9658037711728987,0.0,811715.5638165664
uci_har,0.25,static_depth,13,102.95877327769999,0.0008445696000000001,0.3,0.9036308109942314,0.00010637312000000006,3,0.826942653545979,0.0008445696000000001,1.0,0.0,967902.1662399292
pamap2,0.25,fedavg_single,12,135.70610420640003,0.0009504768000000001,0.3,0.18369921776431997,0.0009504768000000003,3,0.18369921776431997,0.0009504768000000001,0.0,1.0,142776.87178308822
uci_har,0.25,oort,13,119.41557879119993,0.0008445696000000001,0.3,0.8065829657278588,0.0002036284077909739,1,0.7807940278249067,0.00029152256,0.47472005429250086,0.0,586438.7002121086
pamap2,0.25,ecofed,1,147.36050220759995,0.0009504768000000001,1.01,0.25599232981783315,0.0009504768000000002,1,0.5647171620325983,0.00039667712,0.0,1.0,155038.50510354375
uci_har,1.0,oort,8,384.8578793448,0.0008445696000000001,0.576,0.8629114353579912,0.00024990903638954875,3,0.8771632168306752,0.0008445696000000001,0.33932813030200204,0.011197828299966068,1539991.8502542584
pamap2,1.0,static_depth,10,465.7640203808002,0.0009504768000000001,0.3,0.75,0.00022349820451485149,0,0.7477722772277228,0.00021131264,0.9601485148514851,0.0034653465346534654,2083972.0900301468
uci_har,0.25,static_depth,0,100.40159707010005,0.0008445696000000001,0.714,0.8883610451306413,0.00013200015505938244,1,0.9019341703427214,0.00029152256,0.9097387173396675,0.01153715643026807,760617.266130731
pamap2,1.0,energy_greedy,10,511.98769886639997,0.0009504768000000001,1.01,0.6222772277227723,0.0009504768000000002,1,0.6096534653465346,0.00039667712,0.0,1.0,538664.0671991151
uci_har,1.0,ecofed,1,176.18296326069998,0.0008445696000000001,0.3,0.8625721072276892,0.0001064359464133017,0,0.8622327790973872,0.00010637312000000001,0.999660671869698,0.0,1655295.6890763526
uci_har,0.25,oort,14,120.30016476000006,0.0008445696000000001,0.3591428571428571,0.8160841533763149,0.00023695745520190025,3,0.7889379029521547,0.0008445696000000001,0.2952154733627418,0.0,507686.7687387087
pamap2,1.0,ecofed,2,469.01233806719995,0.0009504768000000001,0.3,0.657920792079208,0.00025205061956435644,0,0.6267326732673267,0.00021131264,0.8512376237623762,0.0019801980198019802,1860786.29315746
pamap2,1.0,fedavg,9,565.0046810496,0.0009504768000000001,0.37885714285714284,0.580377117289869,0.0003805284338255034,3,0.5813358900607223,0.0009504768000000001,0.3320549696388623,0.0488974113135187,1484789.6525616553
pamap2,0.25,fedavg,13,137.53815361200003,0.0009504768000000001,1.01,0.15755832534356023,0.0009504768000000002,0,0.2518376478108022,0.00021131264,0.0,1.0,144704.37743667178
pamap2,0.25,ecofed,8,151.2584024818,0.0009504768000000001,0.3,0.6111531667928337,0.000221459113116326,0,0.60963916225082,0.00021131264,0.9497855160232147,0.0012616704516780217,683008.2553538828
uci_har,1.0,energy_greedy,10,324.9949024847999,0.0008445696000000001,0.4971428571428571,0.9080420766881574,0.00023146145748218524,3,0.9073634204275535,0.0008445696000000001,0.4075330844927044,0.008143875127248049,1404099.438498583
pamap2,1.0,energy_greedy,11,511.284730404,0.0009504768000000001,0.3394285714285714,0.5279665446941976,0.0003718371710193414,1,0.5423418714061683,0.00039667712,0.34448510193413484,0.027182435964453737,1375023.1828689475
uci_har,1.0,fedavg_single,13,380.17691519519997,0.0008445696000000001,0.3,0.9124533423820834,0.0008445696000000001,3,0.9124533423820834,0.0008445696000000001,0.0,1.0,450142.7889367554
uci_har,1.0,fedavg,7,381.5364861624003,0.0008445696000000001,0.31971428571428573,0.8517136070580251,0.00019147113197149642,2,0.8798778418730913,0.0005681715200000001,0.5408890397013912,0.0,1992658.0170800798
uci_har,0.25,energy_greedy,4,115.2002180004,0.0008445696000000001,0.5957142857142856,0.8160841533763149,0.0003858479794774348,3,0.8221920597217509,0.0008445696000000001,0.0,0.07465218866644045,298563.7456399772
pamap2,0.25,energy_greedy,15,132.31226225039993,0.0009504768000000001,1.01,0.22817564035546262,0.0009504768000000002,0,0.30318870883429166,0.00021131264,0.0,1.0,139206.19866828932
uci_har,0.25,fedavg,14,120.30016476000004,0.0008445696000000001,0.37885714285714284,0.8537495758398371,0.0002513913067933492,3,0.8646080760095012,0.0008445696000000001,0.23956565999321344,0.0006786562606040041,478537.4892016063
pamap2,0.25,energy_greedy,9,141.530921436,0.0009504768000000001,1.01,0.37328219878555446,0.0009504768000000002,0,0.3358900607222755,0.00021131264,0.0,1.0,148905.1825736304
uci_har,1.0,static_depth,8,275.55598726040006,0.0008445696000000001,0.8322857142857143,0.8778418730912793,0.00018344078289786223,3,0.8883610451306413,0.0008445696000000001,0.8143875127248049,0.045469969460468274,1502152.2635663114
pamap2,1.0,energy_greedy,8,506.6456798783999,0.0009504768000000001,1.01,0.34670704012112036,0.0009504768000000003,1,0.48448145344436033,0.00039667712,0.0,1.0,533043.7101446345
pamap2,1.0,static_depth,12,489.5347435912001,0.0009504768000000001,1.01,0.522331566994701,0.0009504768000000003,1,0.4877617966187232,0.00039667712,0.0,1.0,515041.2336115936
pamap2,0.25,static_depth,4,172.0668406612,0.0009504768000000001,1.01,0.2952308856926571,0.0009504768000000003,1,0.3015392379510472,0.00039667712,0.0,1.0,181032.1310958878
uci_har,1.0,fedavg,1,379.5222863267997,0.0008445696000000001,0.31971428571428573,0.8903970139124533,0.00021060213966745845,3,0.8985408890397014,0.0008445696000000001,0.43705463182897863,0.0,1802081.816101521
pamap2,1.0,static_depth,6,473.37796329840023,0.0009504768000000001,0.31971428571428573,0.7274752475247525,0.00022279492435643564,2,0.7108910891089109,0.0006736486399999999,0.9532178217821782,0.0022277227722772275,2124725.0791991674
pamap2,0.25,static_depth,7,167.78977730879996,0.0009504768000000001,0.3,0.46340825927861995,0.00021264469645582853,0,0.46366962885520124,0.00021131264,0.9932043910088866,0.0,789061.6606262454
uci_har,1.0,static_depth,2,270.0907318726,0.0008445696000000001,0.3,0.8724126230064473,0.00010637312000000006,2,0.8954869358669834,0.0005681715200000001,1.0,0.0,2539088.181982439
uci_har,1.0,energy_greedy,4,353.3078349936,0.0008445696000000001,0.3,0.8741092636579573,0.00017742979344418055,2,0.8829317950458093,0.0005681715200000001,0.6162198846284357,0.0,1991254.276609135
uci_har,1.0,fedavg,4,383.1761852688,0.0008445696000000001,0.31971428571428573,0.8853070919579233,0.00019046590935866984,1,0.8547675602307431,0.00029152256,0.5463182897862233,0.0,2011783.5604230566
pamap2,0.25,energy_greedy,7,142.182009432,0.0009504768000000001,0.3,0.34291688447464713,0.0004447445364558286,1,0.30580240460010455,0.00039667712,0.0,0.00575013068478829,319693.6618154978
pamap2,0.25,fedavg_single,7,142.18200943200003,0.0009504768000000001,0.3,0.3719289074751699,0.0009504768000000002,3,0.3719289074751699,0.0009504768000000001,0.0,1.0,149590.19455498547
uci_har,1.0,energy_greedy,3,356.5502294184001,0.0008445696000000001,0.5562857142857143,0.8978622327790974,0.0002576508533966746,3,0.8988802171700034,0.0008445696000000001,0.27723108245673567,0.012894468951476078,1383850.3723853838
pamap2,1.0,ecofed,11,460.92340463180005,0.0009504768000000001,1.01,0.46968112911657084,0.0009504768000000002,1,0.5190799790904339,0.00039667712,0.0,1.0,484939.14278791443
pamap2,1.0,energy_greedy,4,483.3200804664001,0.0009504768000000001,0.3985714285714286,0.31541761291950543,0.00036851500120111037,2,0.30608125157708804,0.0006736486399999999,0.2846328538985617,0.01640171587181428,1311534.3443037667
pamap2,1.0,fedavg_single,7,565.0577450784006,0.0009504768000000001,0.3,0.46184004181913224,0.0009504768000000002,3,0.46184004181913224,0.0009504768000000001,0.0,1.0,594499.2503535072
pamap2,1.0,fedavg,11,547.7723524199996,0.0009504768000000001,0.3,0.3797699947726085,0.00032549902987977,2,0.35572399372713015,0.0006736486399999999,0.45974908520648194,0.006795608991113434,1682869.3855779876
uci_har,0.25,energy_greedy,15,114.8846374116,0.0008445696000000001,0.41828571428571426,0.843909060061079,0.0002657527608551069,2,0.8544282321004412,0.0005681715200000001,0.1974889718357652,0.0016966406515100101,432298.94222712185
pamap2,1.0,energy_greedy,15,510.0992213736,0.0009504768000000001,0.3,0.553058024046001,0.00036878179696811297,1,0.5690015682174595,0.00039667712,0.23444851019341348,0.008102456874019864,1383200.650268826
pamap2,1.0,fedavg,15,543.2736628007996,0.0009504768000000001,0.5957142857142856,0.41557762676424465,0.0005823566847464716,3,0.4445896497647674,0.0009504768000000001,0.05488761108207005,0.27051751176163097,932888.1715117828
uci_har,0.25,static_depth,1,110.47415783570001,0.0008445696000000001,0.3,0.8676620291822192,0.00010637312000000006,3,0.8836104513064132,0.0008445696000000001,1.0,0.0,1038553.3284696356
uci_har,0.25,ecofed,14,69.61735898479999,0.0008445696000000001,0.3,0.8686800135731252,0.00010637312000000006,0,0.8686800135731252,0.00010637312000000001,1.0,0.0,654463.8249287034
